R_vec,tpd_vec
1.000000000000000000e+00,2.000000000000000111e-01
4.000000000000000000e+00,4.000000000000000222e-01
9.000000000000000000e+00,6.999999999999999556e-01
1.600000000000000000e+01,1.100000000000000089e+00
2.500000000000000000e+01,1.699999999999999956e+00
3.600000000000000000e+01,2.500000000000000000e+00
